{"cameraMode":{"drawMode":0,"name":"Shaded","section":"Shading Mode"},"sceneLighting":true,"audioPlay":false,"sceneViewState":{"m_AlwaysRefresh":false,"showFog":true,"showSkybox":false,"showFlares":true,"showImageEffects":true,"showParticleSystems":true,"showVisualEffectGraphs":true,"m_FxEnabled":true},"in2DMode":false,"pivot":{"x":0.7539079189300537,"y":2.9945931434631349,"z":0.8990287780761719},"rotation":{"x":-0.024302281439304353,"y":-0.02039625309407711,"z":0.0005002805264666677,"w":-0.9995037913322449},"size":4.230888843536377,"orthographic":false}